Date,Afghanistan,Albania,Algeria,Andorra,Angola,Antarctica,Antigua and Barbuda,Argentina,Armenia,Australia,Austria,Azerbaijan,Bahamas,Bahrain,Bangladesh,Barbados,Belarus,Belgium,Belize,Benin,Bhutan,Bolivia,Bosnia and Herzegovina,Botswana,Brazil,Brunei,Bulgaria,Burkina Faso,Burma,Burundi,Cabo Verde,Cambodia,Cameroon,Canada,Central African Republic,Chad,Chile,China,Colombia,Comoros,Congo (Brazzaville),Congo (Kinshasa),Costa Rica,Cote d'Ivoire,Croatia,Cuba,Cyprus,Czechia,Denmark,Diamond Princess,Djibouti,Dominica,Dominican Republic,Ecuador,Egypt,El Salvador,Equatorial Guinea,Eritrea,Estonia,Eswatini,Ethiopia,Fiji,Finland,France,Gabon,Gambia,Georgia,Germany,Ghana,Greece,Grenada,Guatemala,Guinea,Guinea-Bissau,Guyana,Haiti,Holy See,Honduras,Hungary,Iceland,India,Indonesia,Iran,Iraq,Ireland,Israel,Italy,Jamaica,Japan,Jordan,Kazakhstan,Kenya,Kiribati,"Korea, North","Korea, South",Kosovo,Kuwait,Kyrgyzstan,Laos,Latvia,Lebanon,Lesotho,Liberia,Libya,Liechtenstein,Lithuania,Luxembourg,MS Zaandam,Madagascar,Malawi,Malaysia,Maldives,Mali,Malta,Marshall Islands,Mauritania,Mauritius,Mexico,Micronesia,Moldova,Monaco,Mongolia,Montenegro,Morocco,Mozambique,Namibia,Nauru,Nepal,Netherlands,New Zealand,Nicaragua,Niger,Nigeria,North Macedonia,Norway,Oman,Pakistan,Palau,Panama,Papua New Guinea,Paraguay,Peru,Philippines,Poland,Portugal,Qatar,Romania,Russia,Rwanda,Saint Kitts and Nevis,Saint Lucia,Saint Vincent and the Grenadines,Samoa,San Marino,Sao Tome and Principe,Saudi Arabia,Senegal,Serbia,Seychelles,Sierra Leone,Singapore,Slovakia,Slovenia,Solomon Islands,Somalia,South Africa,South Sudan,Spain,Sri Lanka,Sudan,Summer Olympics 2020,Suriname,Sweden,Switzerland,Syria,Taiwan*,Tajikistan,Tanzania,Thailand,Timor-Leste,Togo,Tonga,Trinidad and Tobago,Tunisia,Turkey,Tuvalu,US,Uganda,Ukraine,United Arab Emirates,United Kingdom,Uruguay,Uzbekistan,Vanuatu,Venezuela,Vietnam,West Bank and Gaza,Winter Olympics 2022,Yemen,Zambia,Zimbabwe
2020-01,0.0,0.0,0.0,0.0,0.0,0.0,0.0,0.0,0.0,9.0,0.0,0.0,0.0,0.0,0.0,0.0,0.0,0.0,0.0,0.0,0.0,0.0,0.0,0.0,0.0,0.0,0.0,0.0,0.0,0.0,0.0,1.0,0.0,4.0,0.0,0.0,0.0,9254.0,0.0,0.0,0.0,0.0,0.0,0.0,0.0,0.0,0.0,0.0,0.0,0.0,0.0,0.0,0.0,0.0,0.0,0.0,0.0,0.0,0.0,0.0,0.0,0.0,1.0,5.0,0.0,0.0,0.0,5.0,0.0,0.0,0.0,0.0,0.0,0.0,0.0,0.0,0.0,0.0,0.0,0.0,1.0,0.0,0.0,0.0,0.0,0.0,2.0,0.0,13.0,0.0,0.0,0.0,0.0,0.0,10.0,0.0,0.0,0.0,0.0,0.0,0.0,0.0,0.0,0.0,0.0,0.0,0.0,0.0,0.0,0.0,8.0,0.0,0.0,0.0,0.0,0.0,0.0,0.0,0.0,0.0,0.0,0.0,0.0,0.0,0.0,0.0,0.0,1.0,0.0,0.0,0.0,0.0,0.0,0.0,0.0,0.0,0.0,0.0,0.0,0.0,0.0,0.0,1.0,0.0,0.0,0.0,0.0,2.0,0.0,0.0,0.0,0.0,0.0,0.0,0.0,0.0,0.0,0.0,0.0,0.0,13.0,0.0,0.0,0.0,0.0,0.0,0.0,0.0,1.0,0.0,0.0,0.0,0.0,0.0,0.0,9.0,0.0,0.0,15.0,0.0,0.0,0.0,0.0,0.0,0.0,0.0,7.0,0.0,0.0,4.0,2.0,0.0,0.0,0.0,0.0,2.0,0.0,0.0,0.0,0.0,0.0
2020-02,5.0,0.0,1.0,0.0,0.0,0.0,0.0,0.0,0.0,16.0,3.0,0.0,0.0,41.0,0.0,0.0,1.0,1.0,0.0,0.0,0.0,0.0,0.0,0.0,2.0,0.0,0.0,0.0,0.0,0.0,0.0,0.0,0.0,29.0,0.0,0.0,2.0,69554.0,0.0,0.0,0.0,0.0,0.0,0.0,6.0,0.0,0.0,0.0,3.0,705.0,0.0,0.0,0.0,0.0,1.0,0.0,0.0,0.0,1.0,0.0,0.0,0.0,7.0,95.0,0.0,0.0,1.0,61.0,0.0,4.0,0.0,0.0,0.0,0.0,0.0,0.0,0.0,0.0,0.0,1.0,2.0,0.0,593.0,13.0,1.0,6.0,1126.0,0.0,230.0,0.0,0.0,0.0,0.0,0.0,3139.0,0.0,45.0,0.0,0.0,0.0,4.0,0.0,0.0,0.0,0.0,0.0,1.0,0.0,0.0,0.0,21.0,0.0,0.0,0.0,0.0,0.0,0.0,4.0,0.0,0.0,1.0,0.0,0.0,0.0,0.0,0.0,0.0,0.0,10.0,1.0,0.0,0.0,1.0,1.0,15.0,6.0,4.0,0.0,0.0,0.0,0.0,0.0,2.0,0.0,0.0,1.0,3.0,0.0,0.0,0.0,0.0,0.0,0.0,1.0,0.0,0.0,0.0,0.0,0.0,0.0,89.0,0.0,0.0,0.0,0.0,0.0,0.0,45.0,0.0,0.0,0.0,0.0,14.0,18.0,0.0,29.0,0.0,0.0,23.0,0.0,0.0,0.0,0.0,0.0,0.0,0.0,17.0,0.0,0.0,17.0,59.0,0.0,0.0,0.0,0.0,14.0,0.0,0.0,0.0,0.0,0.0
2020-03,161.0,243.0,715.0,376.0,7.0,0.0,7.0,1054.0,532.0,4534.0,9261.0,298.0,14.0,526.0,51.0,34.0,151.0,12774.0,3.0,9.0,4.0,107.0,420.0,4.0,5715.0,129.0,399.0,261.0,15.0,2.0,6.0,108.0,193.0,10678.0,3.0,7.0,2842.0,4430.0,906.0,0.0,19.0,98.0,347.0,179.0,861.0,186.0,230.0,3308.0,3036.0,7.0,30.0,12.0,1109.0,2240.0,709.0,32.0,12.0,15.0,744.0,9.0,26.0,5.0,1664.0,52181.0,16.0,4.0,109.0,61847.0,161.0,1152.0,9.0,38.0,22.0,8.0,12.0,15.0,6.0,141.0,492.0,1134.0,1394.0,1528.0,44012.0,681.0,3234.0,5711.0,104664.0,36.0,2010.0,274.0,343.0,59.0,0.0,0.0,6636.0,106.0,244.0,107.0,9.0,398.0,466.0,0.0,3.0,10.0,69.0,353.0,2177.0,2.0,57.0,0.0,2737.0,18.0,28.0,169.0,0.0,6.0,125.0,1211.0,0.0,353.0,51.0,12.0,109.0,617.0,8.0,11.0,0.0,4.0,13676.0,646.0,4.0,27.0,134.0,328.0,4626.0,186.0,2114.0,0.0,1181.0,1.0,69.0,1065.0,2081.0,2311.0,7443.0,780.0,2242.0,2335.0,75.0,8.0,13.0,1.0,0.0,235.0,0.0,1563.0,175.0,900.0,8.0,1.0,824.0,363.0,802.0,0.0,5.0,1353.0,0.0,95878.0,142.0,7.0,0.0,9.0,4820.0,16587.0,10.0,283.0,0.0,19.0,1609.0,1.0,34.0,0.0,87.0,394.0,13531.0,0.0,192054.0,44.0,645.0,643.0,38727.0,338.0,172.0,0.0,135.0,196.0,119.0,0.0,0.0,35.0,8.0
2020-04,1661.0,530.0,3290.0,369.0,20.0,0.0,17.0,3374.0,1534.0,2207.0,6138.0,1506.0,67.0,2473.0,7616.0,47.0,13875.0,35744.0,15.0,55.0,3.0,1060.0,1337.0,19.0,81470.0,9.0,1107.0,384.0,136.0,9.0,115.0,13.0,1639.0,46503.0,47.0,66.0,14858.0,3042.0,5601.0,1.0,201.0,474.0,372.0,1096.0,1209.0,1315.0,613.0,4374.0,6317.0,0.0,1059.0,4.0,5863.0,22694.0,4827.0,363.0,303.0,24.0,944.0,91.0,105.0,13.0,3664.0,116580.0,260.0,7.0,429.0,97206.0,1913.0,1435.0,11.0,561.0,1473.0,197.0,70.0,61.0,5.0,630.0,2283.0,662.0,33466.0,8590.0,50035.0,1391.0,17377.0,10179.0,99671.0,386.0,12029.0,179.0,3059.0,337.0,0.0,0.0,988.0,693.0,3735.0,639.0,10.0,460.0,255.0,0.0,138.0,51.0,14.0,958.0,1606.0,7.0,71.0,37.0,3236.0,450.0,462.0,296.0,0.0,2.0,207.0,18009.0,0.0,3544.0,43.0,26.0,213.0,3806.0,68.0,5.0,0.0,52.0,26301.0,832.0,9.0,692.0,1797.0,1136.0,3097.0,2156.0,15996.0,0.0,5351.0,7.0,197.0,35911.0,6404.0,10566.0,17602.0,12628.0,9995.0,104161.0,168.0,7.0,4.0,15.0,0.0,327.0,14.0,21190.0,758.0,8109.0,3.0,123.0,15243.0,1033.0,627.0,0.0,596.0,4294.0,35.0,117512.0,520.0,368.0,0.0,1.0,16767.0,12981.0,33.0,107.0,0.0,461.0,1303.0,23.0,82.0,0.0,29.0,600.0,106673.0,0.0,889071.0,39.0,9761.0,11817.0,139977.0,305.0,1867.0,0.0,198.0,58.0,225.0,0.0,6.0,71.0,32.0
2020-05,13353.0,364.0,5388.0,19.0,59.0,0.0,2.0,12423.0,7216.0,436.0,1208.0,3690.0,21.0,8358.0,39486.0,11.0,28529.0,9862.0,0.0,168.0,36.0,8815.0,753.0,12.0,428950.0,3.0,1007.0,202.0,73.0,52.0,314.0,3.0,4072.0,34853.0,961.0,705.0,105848.0,668.0,22876.0,105.0,391.0,2498.0,337.0,1558.0,170.0,544.0,100.0,1586.0,2513.0,0.0,2265.0,0.0,10313.0,14164.0,19448.0,2122.0,991.0,0.0,180.0,185.0,1041.0,0.0,1638.0,22114.0,2379.0,14.0,244.0,22363.0,5996.0,326.0,3.0,4488.0,2211.0,1051.0,71.0,1508.0,1.0,4431.0,1101.0,9.0,155746.0,16355.0,56826.0,4354.0,4378.0,1183.0,27534.0,164.0,2457.0,286.0,7456.0,1566.0,0.0,0.0,729.0,271.0,23019.0,1002.0,0.0,208.0,495.0,2.0,139.0,95.0,0.0,295.0,234.0,0.0,643.0,247.0,1817.0,1305.0,775.0,153.0,0.0,522.0,3.0,71440.0,0.0,4354.0,4.0,141.0,2.0,3384.0,178.0,8.0,0.0,1515.0,6761.0,25.0,872.0,239.0,8230.0,761.0,702.0,9089.0,54346.0,0.0,6931.0,0.0,720.0,127500.0,9598.0,10909.0,7455.0,43501.0,7017.0,299345.0,127.0,0.0,1.0,10.0,0.0,124.0,469.0,62508.0,2712.0,2403.0,0.0,737.0,18715.0,125.0,44.0,0.0,1375.0,27036.0,959.0,26044.0,970.0,4425.0,0.0,13.0,17060.0,1276.0,79.0,13.0,3807.0,29.0,127.0,0.0,326.0,0.0,1.0,83.0,43738.0,0.0,710397.0,334.0,13266.0,22076.0,78770.0,180.0,1584.0,0.0,1177.0,58.0,104.0,0.0,317.0,951.0,138.0
2020-06,16265.0,1398.0,4513.0,91.0,198.0,0.0,43.0,47679.0,16260.0,718.0,1019.0,12030.0,2.0,15360.0,98330.0,5.0,19562.0,3046.0,6.0,967.0,34.0,23237.0,1943.0,192.0,896532.0,0.0,2476.0,115.0,75.0,107.0,792.0,16.0,6688.0,12541.0,2734.0,88.0,155843.0,815.0,68463.0,197.0,476.0,3969.0,2403.0,6666.0,531.0,296.0,53.0,2686.0,1099.0,0.0,1328.0,2.0,15283.0,17334.0,43326.0,3921.0,695.0,164.0,120.0,527.0,4674.0,0.0,285.0,13269.0,2739.0,24.0,145.0,12777.0,9671.0,492.0,0.0,13009.0,1685.0,398.0,92.0,4263.0,0.0,14356.0,279.0,18.0,394872.0,29912.0,76196.0,42670.0,483.0,8359.0,7581.0,116.0,1864.0,393.0,11450.0,4404.0,0.0,0.0,1347.0,1729.0,19152.0,3758.0,0.0,52.0,558.0,25.0,490.0,668.0,0.0,142.0,281.0,0.0,1443.0,940.0,820.0,588.0,916.0,52.0,0.0,3833.0,6.0,135425.0,0.0,8362.0,4.0,41.0,224.0,4726.0,635.0,181.0,0.0,11992.0,3797.0,24.0,1129.0,117.0,15532.0,4108.0,439.0,28633.0,141010.0,0.0,20087.0,3.0,1235.0,120737.0,19428.0,10607.0,9641.0,39178.0,7713.0,241086.0,655.0,0.0,1.0,3.0,0.0,26.0,231.0,105562.0,3148.0,3152.0,70.0,601.0,9023.0,146.0,127.0,0.0,948.0,118526.0,1013.0,9792.0,414.0,4572.0,0.0,492.0,29263.0,852.0,157.0,5.0,2093.0,0.0,90.0,0.0,208.0,0.0,13.0,97.0,35964.0,0.0,857250.0,472.0,21582.0,14110.0,27678.0,113.0,4880.0,0.0,4322.0,27.0,1980.0,0.0,835.0,537.0,413.0
2020-07,5183.0,2741.0,16487.0,70.0,864.0,0.0,22.0,126772.0,13008.0,9360.0,3244.0,14354.0,470.0,14224.0,92178.0,13.0,5690.0,7324.0,24.0,606.0,24.0,43570.0,7423.0,577.0,1257782.0,0.0,6701.0,144.0,54.0,217.0,1224.0,98.0,4663.0,12278.0,863.0,70.0,76274.0,3189.0,197662.0,75.0,2113.0,2031.0,14361.0,6548.0,2362.0,267.0,88.0,4620.0,1060.0,0.0,402.0,0.0,37081.0,28923.0,25767.0,10194.0,2820.0,76.0,75.0,1836.0,11684.0,9.0,208.0,22995.0,1958.0,449.0,240.0,14439.0,17760.0,1068.0,1.0,31693.0,1917.0,327.0,168.0,1531.0,0.0,22456.0,350.0,61.0,1110507.0,51991.0,76542.0,75500.0,592.0,46296.0,6959.0,176.0,17651.0,61.0,68059.0,14270.0,0.0,0.0,1486.0,5531.0,20762.0,30299.0,1.0,113.0,2777.0,577.0,411.0,2797.0,6.0,268.0,2396.0,0.0,8654.0,2854.0,337.0,1432.0,354.0,154.0,0.0,1947.0,3.0,198548.0,0.0,8120.0,17.0,71.0,2525.0,11789.0,975.0,1924.0,0.0,6207.0,4476.0,34.0,1066.0,59.0,17457.0,4420.0,361.0,39089.0,64835.0,0.0,31706.0,61.0,3117.0,122279.0,55840.0,11295.0,8931.0,14607.0,23916.0,191532.0,997.0,2.0,6.0,25.0,0.0,3.0,157.0,85082.0,3439.0,10988.0,33.0,361.0,8298.0,625.0,556.0,0.0,288.0,341974.0,315.0,39251.0,768.0,2207.0,0.0,1135.0,9152.0,3518.0,478.0,20.0,1466.0,0.0,139.0,0.0,291.0,0.0,39.0,361.0,30967.0,0.0,1899700.0,265.0,26150.0,11839.0,19576.0,328.0,15506.0,0.0,12742.0,203.0,9409.0,0.0,570.0,4369.0,2578.0
2020-08,1620.0,4237.0,14100.0,251.0,1506.0,0.0,3.0,226433.0,5231.0,8539.0,6258.0,4557.0,1643.0,10990.0,75335.0,64.0,4035.0,16485.0,959.0,340.0,124.0,39809.0,8088.0,829.0,1244378.0,3.0,4576.0,262.0,529.0,58.0,1433.0,35.0,1887.0,12708.0,103.0,77.0,56059.0,2810.0,319586.0,45.0,779.0,1027.0,23467.0,2020.0,5130.0,1424.0,403.0,8044.0,3382.0,0.0,303.0,2.0,25066.0,28412.0,4861.0,9097.0,120.0,40.0,311.0,1929.0,34601.0,1.0,735.0,93921.0,1181.0,2465.0,319.0,33683.0,8797.0,5840.0,0.0,24285.0,2101.0,224.0,893.0,831.0,0.0,19000.0,1634.0,222.0,1995178.0,66420.0,71008.0,110325.0,2746.0,45172.0,21677.0,1581.0,32129.0,841.0,40306.0,13565.0,0.0,0.0,5846.0,5124.0,18152.0,8093.0,2.0,165.0,12753.0,481.0,122.0,10345.0,19.0,849.0,-70.0,0.0,3995.0,1488.0,364.0,4011.0,241.0,1059.0,0.0,738.0,11.0,174923.0,0.0,12187.0,34.0,10.0,1762.0,38268.0,2052.0,5421.0,0.0,19689.0,18673.0,190.0,579.0,42.0,10857.0,3587.0,1542.0,6563.0,17544.0,0.0,27726.0,387.0,12324.0,239674.0,127465.0,21684.0,6940.0,8083.0,36654.0,153941.0,2041.0,0.0,1.0,6.0,0.0,19.0,25.0,39867.0,3379.0,5854.0,17.0,199.0,4607.0,1625.0,727.0,0.0,98.0,133858.0,205.0,174336.0,234.0,1610.0,0.0,2384.0,7303.0,6945.0,2008.0,21.0,1184.0,0.0,102.0,3.0,459.0,0.0,1590.0,2268.0,39260.0,0.0,1497992.0,1818.0,52728.0,9725.0,33287.0,331.0,17884.0,0.0,28154.0,486.0,10892.0,0.0,230.0,6134.0,3328.0
2020-09,1106.0,4136.0,7036.0,874.0,2318.0,0.0,7.0,333266.0,6578.0,1277.0,17100.0,3794.0,1906.0,18892.0,50483.0,16.0,6788.0,33216.0,985.0,212.0,57.0,18713.0,7505.0,1539.0,902536.0,2.0,4567.0,688.0,12491.0,63.0,2140.0,3.0,1696.0,32966.0,118.0,187.0,51265.0,1226.0,214585.0,56.0,1110.0,562.0,34473.0,1657.0,6324.0,1565.0,256.0,46145.0,11069.0,0.0,29.0,10.0,17494.0,23280.0,4259.0,3348.0,89.0,56.0,996.0,905.0,23237.0,4.0,2037.0,284733.0,233.0,616.0,4705.0,46838.0,2328.0,8158.0,0.0,17672.0,1243.0,119.0,1588.0,531.0,0.0,15886.0,20322.0,621.0,2621418.0,112212.0,82007.0,128047.0,7344.0,130505.0,45647.0,4023.0,15194.0,9791.0,10034.0,4328.0,0.0,0.0,3707.0,2166.0,20073.0,2771.0,1.0,428.0,22326.0,510.0,36.0,20559.0,12.0,1894.0,1884.0,0.0,1545.0,207.0,1884.0,2487.0,342.0,1175.0,0.0,454.0,26.0,143656.0,0.0,16122.0,64.0,12.0,5937.0,61063.0,4812.0,3715.0,0.0,38357.0,55546.0,96.0,487.0,21.0,4840.0,3636.0,3245.0,12863.0,16957.0,0.0,19613.0,75.0,23096.0,164602.0,90875.0,24142.0,17530.0,6982.0,40032.0,178397.0,777.0,2.0,1.0,4.0,0.0,14.0,15.0,18833.0,1371.0,2145.0,10.0,209.0,953.0,6224.0,2807.0,0.0,278.0,47298.0,177.0,306330.0,331.0,457.0,0.0,843.0,8484.0,11105.0,1435.0,26.0,1176.0,0.0,152.0,1.0,384.0,0.0,2772.0,14610.0,48530.0,0.0,1199711.0,5157.0,90314.0,23959.0,117771.0,451.0,14824.0,0.0,28394.0,50.0,17170.0,0.0,76.0,2662.0,1341.0
2020-10,1980.0,7226.0,6412.0,2706.0,5833.0,0.0,27.0,415923.0,39454.0,499.0,57236.0,15040.0,2591.0,10781.0,44205.0,47.0,19851.0,310777.0,1495.0,286.0,67.0,6446.0,22621.0,3470.0,720398.0,2.0,32011.0,444.0,39333.0,77.0,2769.0,14.0,955.0,75284.0,37.0,283.0,47265.0,1617.0,244505.0,66.0,201.0,647.0,34211.0,992.0,32723.0,1290.0,2474.0,264339.0,18384.0,0.0,145.0,20.0,14809.0,31145.0,4357.0,4749.0,58.0,88.0,1534.0,435.0,20801.0,2.0,6205.0,808503.0,202.0,93.0,32744.0,229534.0,1429.0,20776.0,4.0,16193.0,1420.0,89.0,1268.0,314.0,15.0,19988.0,48860.0,2137.0,1871498.0,123080.0,155553.0,109649.0,25301.0,66938.0,364569.0,2612.0,17744.0,60782.0,8992.0,16663.0,0.0,0.0,2746.0,3708.0,20744.0,12209.0,1.0,4070.0,41594.0,358.0,87.0,26570.0,456.0,10940.0,8625.0,0.0,703.0,157.0,20324.0,1368.0,436.0,2984.0,2.0,201.0,60.0,181746.0,0.0,22998.0,141.0,27.0,7569.0,95431.0,4141.0,1670.0,0.0,92926.0,237083.0,111.0,278.0,23.0,4005.0,13595.0,6304.0,15849.0,21164.0,0.0,21003.0,55.0,22427.0,88412.0,69035.0,271217.0,65737.0,6796.0,113767.0,435468.0,297.0,0.0,51.0,10.0,0.0,209.0,34.0,12677.0,634.0,13403.0,11.0,135.0,250.0,49682.0,28617.0,8.0,353.0,51113.0,201.0,416490.0,7283.0,158.0,0.0,326.0,31492.0,100969.0,1528.0,41.0,1251.0,0.0,216.0,2.0,547.0,0.0,1161.0,41400.0,56704.0,0.0,1930152.0,4366.0,184884.0,38439.0,558941.0,1078.0,10215.0,0.0,16891.0,86.0,13621.0,0.0,29.0,1673.0,529.0
2020-11,4881.0,17307.0,25257.0,1989.0,4334.0,0.0,13.0,257609.0,45311.0,317.0,177033.0,65907.0,827.0,5311.0,57248.0,39.0,38165.0,148116.0,2367.0,372.0,61.0,2951.0,37811.0,4100.0,804202.0,2.0,92456.0,386.0,38007.0,103.0,1968.0,35.0,2652.0,145624.0,47.0,205.0,41487.0,2092.0,242622.0,66.0,484.0,1466.0,29667.0,615.0,79126.0,1397.0,6166.0,188196.0,34139.0,0.0,118.0,35.0,16970.0,24493.0,8356.0,5115.0,65.0,114.0,7403.0,502.0,13905.0,8.0,9077.0,862434.0,246.0,70.0,96648.0,535116.0,3612.0,66020.0,13.0,14123.0,1047.0,28.0,1244.0,218.0,0.0,11365.0,141801.0,527.0,1278727.0,128795.0,349298.0,79919.0,11088.0,22842.0,922124.0,1669.0,47501.0,146823.0,24864.0,28426.0,0.0,0.0,8017.0,20268.0,16709.0,14300.0,15.0,11181.0,46716.0,156.0,172.0,21714.0,736.0,46799.0,17544.0,0.0,230.0,98.0,34149.0,1352.0,1156.0,3831.0,2.0,898.0,63.0,188581.0,0.0,31324.0,250.0,444.0,16924.0,137252.0,2832.0,1445.0,0.0,62709.0,169652.0,100.0,205.0,328.0,4704.0,30306.0,15819.0,9265.0,66512.0,0.0,32208.0,67.0,19239.0,62350.0,50901.0,628080.0,156782.0,6277.0,234023.0,669669.0,797.0,3.0,181.0,11.0,2.0,651.0,46.0,10078.0,473.0,128484.0,20.0,46.0,203.0,61524.0,41507.0,9.0,510.0,64552.0,204.0,462509.0,13324.0,4241.0,0.0,109.0,118774.0,172821.0,2159.0,120.0,1178.0,0.0,218.0,0.0,643.0,0.0,977.0,36956.0,263480.0,0.0,4491563.0,7964.0,353013.0,36231.0,618891.0,2733.0,6162.0,1.0,10381.0,167.0,32127.0,0.0,14.0,1215.0,1583.0
2020-12,6115.0,20134.0,16411.0,1304.0,2414.0,0.0,18.0,200981.0,24285.0,513.0,77563.0,97524.0,330.0,5719.0,48578.0,107.0,57637.0,69151.0,4922.0,236.0,260.0,15416.0,23084.0,4063.0,1339067.0,7.0,56966.0,3821.0,33917.0,130.0,1079.0,52.0,1832.0,206781.0,50.0,425.0,57230.0,3326.0,325969.0,212.0,1333.0,4886.0,29683.0,1159.0,82395.0,3579.0,11963.0,195363.0,83114.0,0.0,152.0,3.0,26797.0,19827.0,22151.0,7301.0,124.0,743.0,15682.0,2939.0,14190.0,7.0,10901.0,400830.0,357.0,55.0,91836.0,665868.0,3104.0,33579.0,86.0,15950.0,603.0,11.0,926.0,727.0,0.0,13574.0,105392.0,362.0,823900.0,204315.0,263072.0,42742.0,19235.0,86071.0,505612.0,2064.0,86925.0,75064.0,26633.0,12840.0,0.0,0.0,27117.0,11548.0,7949.0,7856.0,2.0,23829.0,53559.0,985.0,202.0,17468.0,909.0,82554.0,11737.0,0.0,373.0,555.0,47313.0,746.0,2380.0,2901.0,0.0,5763.0,23.0,312551.0,0.0,37454.0,266.0,411.0,12982.0,82857.0,2941.0,9561.0,0.0,27141.0,280590.0,103.0,200.0,1775.0,20050.0,21451.0,13417.0,5168.0,81696.0,0.0,80984.0,124.0,25508.0,52607.0,42434.0,304067.0,115617.0,5001.0,156901.0,851411.0,2449.0,10.0,94.0,36.0,0.0,724.0,23.0,5381.0,3051.0,162485.0,54.0,199.0,381.0,153256.0,46338.0,0.0,263.0,267157.0,449.0,280078.0,19312.0,7455.0,0.0,898.0,194250.0,125224.0,3547.0,124.0,1510.0,0.0,2886.0,14.0,659.0,0.0,481.0,42371.0,1569805.0,0.0,6551963.0,14757.0,334654.0,38962.0,862508.0,13262.0,3966.0,0.0,11164.0,118.0,52357.0,0.0,22.0,3078.0,3917.0
2021-01,2693.0,19811.0,7729.0,1888.0,2243.0,0.0,75.0,301725.0,7617.0,393.0,53223.0,11519.0,303.0,10382.0,21629.0,1162.0,54052.0,63657.0,1132.0,642.0,189.0,56711.0,10512.0,6488.0,1527489.0,23.0,16482.0,3975.0,15515.0,814.0,2230.0,88.0,3340.0,192663.0,18.0,1263.0,118136.0,5256.0,452109.0,1903.0,780.0,5113.0,23955.0,5909.0,21589.0,14823.0,8881.0,266113.0,35040.0,0.0,101.0,29.0,43275.0,38316.0,27889.0,8724.0,239.0,815.0,16218.0,6353.0,13386.0,6.0,9124.0,578334.0,1177.0,293.0,30691.0,496626.0,12239.0,18107.0,21.0,21492.0,824.0,182.0,1309.0,1673.0,0.0,26016.0,45072.0,248.0,470901.0,335116.0,192857.0,24345.0,104768.0,220173.0,445866.0,2826.0,154991.0,32361.0,34648.0,4315.0,0.0,0.0,16739.0,9074.0,14673.0,3554.0,3.0,25337.0,119549.0,5570.0,139.0,18354.0,344.0,39396.0,3973.0,0.0,1351.0,17380.0,101949.0,2084.0,1001.0,5129.0,0.0,2271.0,41.0,438166.0,1.0,14986.0,614.0,584.0,13412.0,31964.0,20012.0,10003.0,0.0,10366.0,178698.0,142.0,163.0,1194.0,43635.0,9364.0,13399.0,5459.0,64250.0,0.0,73589.0,71.0,25295.0,123102.0,51554.0,218507.0,306838.0,7501.0,96480.0,681001.0,6921.0,5.0,842.0,780.0,0.0,692.0,243.0,5333.0,7383.0,57340.0,960.0,982.0,937.0,161413.0,44321.0,0.0,70.0,396600.0,371.0,814854.0,20858.0,3880.0,0.0,2228.0,129578.0,69024.0,2614.0,112.0,49.0,0.0,11898.0,26.0,1441.0,0.0,414.0,69745.0,268811.0,0.0,6137229.0,4363.0,174549.0,95787.0,1331944.0,22619.0,1651.0,0.0,13369.0,352.0,20958.0,0.0,22.0,33492.0,19521.0
2021-02,691.0,29040.0,5753.0,929.0,1011.0,0.0,496.0,180126.0,5032.0,160.0,43360.0,4318.0,345.0,19337.0,11077.0,1523.0,38970.0,61358.0,385.0,1541.0,8.0,32175.0,9482.0,7078.0,1349570.0,6.0,28290.0,1300.0,1751.0,577.0,1330.0,354.0,6097.0,87110.0,23.0,597.0,97516.0,1170.0,156806.0,845.0,933.0,3142.0,11065.0,4355.0,10547.0,23093.0,3708.0,250706.0,12727.0,0.0,134.0,25.0,25557.0,35327.0,16473.0,5215.0,489.0,712.0,21392.0,1303.0,21422.0,4.0,12549.0,559694.0,3816.0,622.0,12647.0,225973.0,17013.0,34143.0,0.0,15038.0,1446.0,628.0,944.0,859.0,0.0,22461.0,61013.0,47.0,354631.0,256320.0,213170.0,75853.0,23045.0,132372.0,372233.0,7610.0,41896.0,64235.0,26871.0,5200.0,0.0,0.0,11523.0,8233.0,25595.0,1663.0,1.0,19945.0,73998.0,1827.0,71.0,14707.0,83.0,14715.0,4722.0,0.0,766.0,7982.0,85793.0,3952.0,285.0,4579.0,0.0,572.0,42.0,222678.0,0.0,25649.0,467.0,1128.0,14175.0,12497.0,20696.0,4901.0,0.0,3184.0,112063.0,74.0,150.0,223.0,24415.0,10094.0,8040.0,7170.0,34937.0,0.0,20536.0,424.0,26247.0,185624.0,50734.0,193601.0,84046.0,12329.0,73251.0,390052.0,3546.0,4.0,2195.0,655.0,1.0,691.0,529.0,9309.0,7997.0,63996.0,1406.0,294.0,400.0,152655.0,23608.0,1.0,2473.0,59632.0,3997.0,445434.0,18937.0,967.0,0.0,491.0,90352.0,33612.0,1540.0,44.0,0.0,0.0,7169.0,43.0,1827.0,0.0,149.0,24392.0,224125.0,0.0,2407191.0,778.0,133982.0,87915.0,360692.0,16256.0,1215.0,0.0,12189.0,631.0,24650.0,0.0,164.0,24317.0,2701.0
2021-03,740.0,17990.0,4100.0,1144.0,1504.0,0.0,406.0,241456.0,20581.0,344.0,84656.0,27176.0,600.0,22051.0,65079.0,584.0,34501.0,110942.0,163.0,1666.0,6.0,23401.0,38647.0,11477.0,2205301.0,26.0,95595.0,735.0,538.0,601.0,2070.0,1620.0,11955.0,120640.0,157.0,560.0,170913.0,1112.0,154687.0,125.0,861.0,2229.0,12423.0,11135.0,28659.0,25484.0,11170.0,296852.0,19412.0,0.0,1936.0,19.0,13110.0,42600.0,19707.0,4545.0,909.0,438.0,40824.0,323.0,47517.0,8.0,19948.0,889498.0,4986.0,747.0,11003.0,366537.0,6560.0,72589.0,7.0,19292.0,3916.0,388.0,1664.0,285.0,0.0,18739.0,223834.0,156.0,1109424.0,177078.0,254395.0,155435.0,16262.0,57298.0,659634.0,15974.0,42450.0,220487.0,34757.0,28085.0,0.0,0.0,13608.0,20730.0,41251.0,2287.0,4.0,16177.0,93350.0,215.0,43.0,25619.0,105.0,16958.0,6532.0,0.0,4595.0,1606.0,44748.0,4286.0,1666.0,6551.0,0.0,640.0,353.0,151949.0,0.0,44788.0,332.0,5540.0,15384.0,12443.0,8229.0,5294.0,0.0,3166.0,193307.0,123.0,184.0,261.0,7234.0,27235.0,25073.0,17722.0,91566.0,0.0,14136.0,4716.0,55193.0,224944.0,170936.0,614731.0,17160.0,16300.0,150809.0,295834.0,2933.0,3.0,848.0,192.0,0.0,1016.0,437.0,12624.0,4185.0,141337.0,1522.0,93.0,445.0,119205.0,25521.0,1.0,4141.0,34764.0,2239.0,95800.0,9612.0,1486.0,0.0,193.0,147577.0,46192.0,3321.0,75.0,0.0,0.0,2912.0,491.0,3348.0,0.0,313.0,20741.0,615594.0,0.0,1815187.0,510.0,329501.0,69920.0,171156.0,47555.0,2943.0,2.0,21381.0,155.0,58741.0,0.0,2072.0,9884.0,793.0
2021-04,3291.0,5928.0,4916.0,1222.0,4341.0,0.0,96.0,628542.0,23425.0,489.0,74267.0,57396.0,1334.0,32489.0,147837.0,203.0,36931.0,107776.0,212.0,721.0,201.0,31321.0,28835.0,7086.0,1911712.0,12.0,61747.0,593.0,383.0,1185.0,6412.0,10962.0,24581.0,239868.0,1250.0,284.0,202707.0,1181.0,453347.0,138.0,997.0,1711.0,34227.0,2147.0,60551.0,31444.0,20097.0,98426.0,19954.0,0.0,3098.0,13.0,13834.0,53107.0,25421.0,4472.0,780.0,386.0,15595.0,1121.0,50853.0,50.0,9088.0,972643.0,3525.0,439.0,28549.0,572724.0,1979.0,81344.0,5.0,33837.0,2307.0,84.0,3034.0,333.0,0.0,23290.0,126915.0,267.0,6943304.0,156656.0,613513.0,214275.0,13016.0,5376.0,437754.0,6341.0,117685.0,99796.0,78067.0,25260.0,0.0,0.0,18995.0,14457.0,41888.0,6737.0,708.0,16195.0,58178.0,25.0,46.0,18551.0,268.0,31337.0,5563.0,0.0,12588.0,527.0,63213.0,5756.0,3816.0,1259.0,0.0,555.0,243.0,105868.0,0.0,20596.0,166.0,27532.0,6171.0,15152.0,2338.0,4212.0,0.0,45878.0,228095.0,112.0,172.0,227.0,2219.0,22345.0,16891.0,34035.0,152588.0,0.0,9525.0,5006.0,64410.0,250638.0,290172.0,470425.0,14771.0,25688.0,102462.0,256521.0,3333.0,0.0,314.0,116.0,0.0,328.0,79.0,27356.0,1639.0,88961.0,1724.0,74.0,764.0,46202.0,24690.0,1.0,2517.0,33053.0,418.0,239724.0,15440.0,2111.0,0.0,1241.0,168718.0,58850.0,3824.0,98.0,0.0,0.0,36290.0,1672.0,2718.0,0.0,2798.0,55101.0,1503409.0,0.0,1888570.0,999.0,399041.0,58792.0,72266.0,92879.0,7939.0,1.0,37186.0,325.0,54109.0,0.0,1960.0,3168.0,1375.0
2021-05,12093.0,1230.0,6805.0,495.0,7899.0,0.0,28.0,804421.0,6606.0,307.0,28153.0,14847.0,1343.0,63597.0,41408.0,162.0,35701.0,71772.0,141.0,237.0,546.0,67547.0,5551.0,8039.0,1882784.0,18.0,14197.0,124.0,812.0,795.0,6557.0,16692.0,6679.0,156561.0,680.0,114.0,186101.0,996.0,546732.0,47.0,980.0,1798.0,67995.0,1256.0,23998.0,35559.0,7281.0,30514.0,30736.0,0.0,433.0,14.0,26225.0,44175.0,35098.0,4504.0,835.0,423.0,7525.0,137.0,14099.0,321.0,5584.0,51080.0,1354.0,95.0,33653.0,299529.0,1336.0,57273.0,1.0,26746.0,962.0,32.0,3669.0,1974.0,0.0,25894.0,25190.0,104.0,9010075.0,153335.0,414059.0,136153.0,13173.0,994.0,195168.0,2979.0,153716.0,25161.0,67396.0,11417.0,2.0,0.0,18165.0,3364.0,35231.0,9454.0,1155.0,14641.0,13810.0,100.0,80.0,8268.0,82.0,27300.0,2727.0,0.0,4328.0,260.0,163644.0,34561.0,409.0,243.0,0.0,1145.0,205.0,68987.0,0.0,4349.0,50.0,22460.0,2234.0,7967.0,878.0,7198.0,0.0,238115.0,150336.0,61.0,335.0,182.0,1408.0,2905.0,12146.0,23971.0,97305.0,0.0,13521.0,4913.0,76307.0,156024.0,192841.0,80141.0,12600.0,11806.0,22472.0,262757.0,1847.0,24.0,515.0,171.0,0.0,30.0,43.0,33073.0,1072.0,22915.0,5630.0,93.0,906.0,16930.0,13430.0,0.0,747.0,84407.0,105.0,154313.0,78218.0,1551.0,0.0,4591.0,94869.0,34766.0,1762.0,7383.0,0.0,0.0,94639.0,4718.0,499.0,0.0,13085.0,36355.0,428813.0,0.0,918392.0,5281.0,136829.0,50600.0,70984.0,96075.0,9527.0,0.0,36482.0,4504.0,11888.0,0.0,425.0,3677.0,704.0
2021-06,46821.0,206.0,10713.0,184.0,4298.0,0.0,3.0,688590.0,2425.0,525.0,6214.0,2091.0,790.0,25296.0,112718.0,64.0,22750.0,23130.0,442.0,141.0,480.0,68345.0,1010.0,14707.0,2012408.0,18.0,3252.0,45.0,13648.0,662.0,2018.0,20291.0,1929.0,32657.0,50.0,20.0,171556.0,1291.0,834526.0,55.0,938.0,9185.0,48952.0,1013.0,3691.0,48727.0,3069.0,6015.0,12518.0,0.0,69.0,5.0,32435.0,32467.0,18632.0,5064.0,205.0,1915.0,1520.0,489.0,4633.0,3980.0,3294.0,108494.0,555.0,86.0,22115.0,47015.0,2016.0,20150.0,0.0,39166.0,593.0,93.0,3103.0,3721.0,0.0,24533.0,3590.0,73.0,2236590.0,356569.0,291421.0,144552.0,9865.0,2302.0,42088.0,1567.0,53096.0,14870.0,39751.0,13426.0,0.0,0.0,16924.0,756.0,47465.0,20274.0,209.0,4230.0,4478.0,513.0,1721.0,7698.0,28.0,4396.0,855.0,0.0,874.0,1788.0,179622.0,9402.0,159.0,88.0,0.0,1261.0,487.0,105527.0,0.0,1548.0,73.0,57039.0,629.0,12145.0,5609.0,34368.0,0.0,77503.0,34508.0,69.0,771.0,79.0,1100.0,412.0,6200.0,51321.0,35584.0,0.0,25681.0,1188.0,67898.0,96596.0,182258.0,7629.0,30464.0,4613.0,3055.0,436082.0,12084.0,378.0,229.0,190.0,0.0,2.0,21.0,37156.0,1712.0,4090.0,4203.0,1428.0,528.0,4003.0,3613.0,0.0,284.0,308355.0,146.0,130570.0,72725.0,1163.0,6.0,6778.0,21517.0,8264.0,1020.0,6293.0,191.0,0.0,99509.0,2228.0,451.0,0.0,8884.0,74629.0,176248.0,0.0,395878.0,32830.0,39202.0,62071.0,314016.0,74847.0,10342.0,0.0,38547.0,9620.0,5817.0,0.0,178.0,59685.0,10903.0
2021-07,28495.0,560.0,31766.0,767.0,3928.0,0.0,40.0,459390.0,5015.0,3740.0,8307.0,7802.0,2254.0,3359.0,336226.0,309.0,28851.0,39584.0,912.0,195.0,415.0,33882.0,633.0,37010.0,1351850.0,77.0,3225.0,94.0,141908.0,1628.0,1334.0,26858.0,1206.0,15219.0,10.0,22.0,59869.0,1764.0,544338.0,92.0,590.0,9081.0,38876.0,1830.0,3743.0,193603.0,26374.0,6289.0,23406.0,0.0,49.0,17.0,16684.0,28868.0,2980.0,7854.0,146.0,538.0,2493.0,6895.0,4191.0,25363.0,11449.0,353218.0,400.0,1630.0,53456.0,38624.0,7105.0,70848.0,3.0,74901.0,1918.0,620.0,2468.0,1482.0,0.0,34351.0,1363.0,1310.0,1244190.0,1231386.0,666451.0,280695.0,29068.0,32241.0,90119.0,2771.0,127021.0,19308.0,150783.0,19052.0,0.0,0.0,42064.0,607.0,41144.0,37889.0,4178.0,1434.0,16514.0,1564.0,1504.0,55640.0,56.0,4044.0,3083.0,0.0,447.0,16221.0,361293.0,3634.0,158.0,3672.0,0.0,4883.0,2316.0,328983.0,0.0,2744.0,312.0,49669.0,1675.0,92167.0,45624.0,29005.0,0.0,56584.0,184075.0,131.0,988.0,134.0,6290.0,696.0,6311.0,27312.0,76429.0,0.0,31877.0,619.0,29106.0,59328.0,176406.0,3027.0,89074.0,4168.0,2397.0,735655.0,31651.0,147.0,314.0,66.0,0.0,51.0,88.0,38138.0,19162.0,5356.0,2657.0,708.0,2402.0,1433.0,1880.0,0.0,457.0,473482.0,215.0,638084.0,49723.0,480.0,240.0,3619.0,10050.0,14661.0,448.0,870.0,1577.0,508.0,337986.0,1676.0,1881.0,0.0,6018.0,169462.0,301393.0,0.0,1325079.0,13950.0,33308.0,47951.0,1066166.0,12167.0,18650.0,0.0,33054.0,133008.0,2571.0,0.0,141.0,40868.0,58996.0
2021-08,6066.0,13306.0,24688.0,355.0,4767.0,0.0,412.0,255856.0,12025.0,20710.0,28377.0,81042.0,3299.0,3354.0,251134.0,642.0,35492.0,59949.0,2190.0,4972.0,81.0,17373.0,8198.0,50237.0,863050.0,2375.0,30688.0,204.0,100097.0,4914.0,1563.0,15812.0,1361.0,69314.0,4145.0,19.0,22904.0,2609.0,123766.0,40.0,402.0,4946.0,56912.0,5534.0,10383.0,268259.0,12384.0,5613.0,29119.0,0.0,99.0,1428.0,8268.0,14371.0,4179.0,7440.0,597.0,95.0,8399.0,17392.0,27769.0,16935.0,20517.0,644401.0,504.0,1989.0,130277.0,176091.0,16417.0,94660.0,297.0,101793.0,3813.0,1320.0,3025.0,721.0,0.0,41646.0,2846.0,2830.0,1155021.0,680143.0,1121055.0,261551.0,51471.0,192334.0,189963.0,15236.0,567768.0,26414.0,230112.0,32650.0,0.0,0.0,53658.0,36621.0,12029.0,12842.0,8716.0,3774.0,40886.0,1487.0,190.0,59858.0,204.0,16263.0,1890.0,0.0,206.0,8147.0,632982.0,3680.0,305.0,1876.0,0.0,7889.0,6462.0,504158.0,0.0,8048.0,312.0,48868.0,13458.0,237420.0,24288.0,6124.0,0.0,67258.0,81620.0,696.0,1275.0,226.0,18523.0,20114.0,22547.0,6443.0,128851.0,2.0,21832.0,121.0,6140.0,38198.0,400892.0,5731.0,69296.0,6505.0,15576.0,635448.0,16929.0,498.0,2609.0,45.0,0.0,188.0,154.0,17588.0,10515.0,41015.0,1710.0,84.0,2639.0,3323.0,7983.0,0.0,2063.0,330205.0,387.0,408021.0,131490.0,571.0,558.0,3942.0,26773.0,62001.0,1952.0,321.0,1770.0,350.0,607442.0,5784.0,5463.0,0.0,6036.0,74469.0,661286.0,0.0,4287684.0,25988.0,51155.0,37512.0,937907.0,3417.0,27067.0,0.0,28577.0,312036.0,25544.0,0.0,808.0,10511.0,15913.0
2021-09,1954.0,23744.0,7279.0,189.0,9039.0,0.0,1516.0,71282.0,19562.0,52088.0,55082.0,59011.0,2845.0,2517.0,55293.0,3349.0,56554.0,60290.0,4448.0,10524.0,5.0,9566.0,20922.0,22293.0,647166.0,4404.0,46420.0,466.0,64794.0,5734.0,2222.0,19596.0,8878.0,124745.0,75.0,46.0,15589.0,1776.0,48191.0,73.0,656.0,2074.0,68459.0,4584.0,30792.0,224573.0,4833.0,12300.0,13522.0,0.0,1061.0,1843.0,8874.0,8434.0,16083.0,10288.0,2885.0,80.0,14301.0,2553.0,37540.0,4307.0,14135.0,271006.0,4267.0,236.0,63201.0,284645.0,8046.0,67803.0,4734.0,90038.0,910.0,308.0,6279.0,1126.0,0.0,27237.0,10368.0,1012.0,955862.0,125303.0,594977.0,115153.0,37485.0,215866.0,132364.0,15606.0,210700.0,26793.0,99261.0,13571.0,0.0,0.0,60328.0,15086.0,1795.0,2798.0,8831.0,15654.0,21964.0,0.0,205.0,31112.0,166.0,33092.0,2459.0,0.0,29.0,1086.0,499441.0,3697.0,330.0,978.0,0.0,2450.0,5019.0,311813.0,0.0,26866.0,113.0,168482.0,16114.0,72123.0,4407.0,2543.0,0.0,32414.0,63875.0,722.0,2406.0,159.0,13348.0,14914.0,29257.0,1469.0,82850.0,3.0,9626.0,2383.0,1439.0,25714.0,560109.0,18401.0,31352.0,3899.0,134903.0,580407.0,9890.0,827.0,3240.0,1172.0,0.0,109.0,851.0,3816.0,970.0,179056.0,1435.0,27.0,28901.0,24605.0,26166.0,0.0,2514.0,125013.0,574.0,104026.0,77075.0,574.0,61.0,12338.0,26073.0,60697.0,6290.0,228.0,232.0,24479.0,398745.0,2816.0,4168.0,0.0,5862.0,43156.0,765739.0,0.0,4144508.0,3657.0,148737.0,17622.0,1022537.0,3994.0,17501.0,0.0,34625.0,328659.0,61434.0,0.0,1198.0,2719.0,6047.0
2021-10,1076.0,15169.0,3093.0,294.0,7850.0,0.0,827.0,31905.0,46629.0,64849.0,84558.0,47468.0,1367.0,1772.0,13628.0,9382.0,62082.0,115696.0,5997.0,859.0,20.0,13139.0,17983.0,7374.0,382263.0,6014.0,100330.0,550.0,35997.0,2311.0,639.0,5871.0,10196.0,91140.0,147.0,31.0,40784.0,1670.0,45110.0,118.0,3079.0,533.0,27513.0,1044.0,65558.0,74573.0,3874.0,71413.0,30177.0,0.0,667.0,1342.0,22620.0,7085.0,26493.0,9074.0,1006.0,112.0,37712.0,497.0,19493.0,1118.0,17314.0,162499.0,5370.0,31.0,106235.0,331619.0,2595.0,86403.0,645.0,41257.0,242.0,27.0,3721.0,1918.0,0.0,9387.0,40714.0,1691.0,519107.0,29254.0,337598.0,51945.0,55662.0,45240.0,99610.0,5277.0,17271.0,38622.0,57422.0,3876.0,0.0,0.0,52613.0,690.0,1023.0,2727.0,16425.0,60848.0,17794.0,7240.0,13.0,17254.0,105.0,78256.0,3464.0,0.0,728.0,216.0,225947.0,2829.0,854.0,504.0,0.0,1290.0,7157.0,142988.0,0.0,43376.0,100.0,208303.0,12815.0,13074.0,569.0,1338.0,0.0,17509.0,136542.0,2303.0,1593.0,358.0,6182.0,11144.0,17849.0,522.0,27022.0,3.0,5551.0,9494.0,1039.0,26491.0,237310.0,118176.0,21372.0,2604.0,414363.0,976880.0,2181.0,751.0,1100.0,1487.0,0.0,107.0,255.0,1483.0,142.0,200760.0,770.0,3.0,101853.0,94554.0,42486.0,0.0,2018.0,19444.0,351.0,52057.0,23696.0,2150.0,0.0,7388.0,18626.0,32195.0,8941.0,189.0,2.0,308.0,308550.0,292.0,650.0,1.0,6620.0,5557.0,878918.0,0.0,2513765.0,2599.0,524807.0,3913.0,1256678.0,4971.0,12068.0,2.0,38183.0,130367.0,49281.0,0.0,724.0,688.0,2157.0
2021-11,1039.0,14645.0,4079.0,1599.0,735.0,0.0,83.0,41941.0,30192.0,39625.0,325652.0,56948.0,440.0,861.0,6745.0,7553.0,54550.0,405385.0,3633.0,101.0,19.0,23975.0,22307.0,8474.0,285518.0,1928.0,92565.0,1207.0,22329.0,376.0,155.0,1612.0,4295.0,78029.0,190.0,38.0,67703.0,2242.0,67257.0,242.0,1647.0,764.0,7141.0,427.0,137857.0,10485.0,10456.0,387140.0,101756.0,0.0,26.0,1205.0,25584.0,10071.0,27561.0,6381.0,224.0,524.0,28615.0,235.0,6369.0,365.0,28966.0,510048.0,1817.0,24.0,126396.0,1277693.0,843.0,196733.0,57.0,16412.0,117.0,306.0,2326.0,1260.0,0.0,2478.0,239689.0,4402.0,310962.0,12051.0,192807.0,25924.0,124521.0,16202.0,256582.0,2235.0,4455.0,91402.0,34708.0,1778.0,0.0,0.0,85964.0,329.0,684.0,2092.0,33467.0,34520.0,28632.0,144.0,12.0,15298.0,1016.0,62908.0,7498.0,0.0,704.0,120.0,161140.0,4012.0,1361.0,1782.0,0.0,1946.0,32782.0,77355.0,0.0,26006.0,324.0,77602.0,13062.0,3772.0,256.0,260.0,0.0,8796.0,523288.0,5129.0,464.0,641.0,2257.0,13033.0,60563.0,263.0,11694.0,0.0,5078.0,5464.0,2052.0,34555.0,45458.0,514814.0,56598.0,4200.0,131636.0,1090656.0,651.0,117.0,441.0,530.0,0.0,492.0,17.0,1135.0,70.0,112096.0,1174.0,5.0,66351.0,271274.0,85048.0,0.0,1018.0,45936.0,397.0,153036.0,22916.0,2651.0,0.0,1829.0,33347.0,142104.0,5024.0,189.0,7.0,116.0,203848.0,33.0,186.0,0.0,14032.0,4825.0,762600.0,0.0,2552978.0,1379.0,548514.0,2136.0,1184910.0,5796.0,7245.0,0.0,24145.0,316960.0,7056.0,0.0,213.0,435.0,1648.0
2021-12,795.0,10279.0,7901.0,6625.0,16425.0,11.0,142.0,323660.0,6412.0,213841.0,122899.0,28629.0,1685.0,4372.0,9255.0,3249.0,44392.0,339308.0,2409.0,85.0,20.0,62194.0,16248.0,24441.0,191696.0,412.0,52051.0,1632.0,8432.0,6951.0,3362.0,359.0,2573.0,425540.0,455.0,596.0,43743.0,4258.0,87796.0,2014.0,1119.0,16559.0,3717.0,9280.0,107040.0,3518.0,32354.0,325687.0,318289.0,0.0,152.0,786.0,11527.0,22085.0,26997.0,2142.0,118.0,653.0,18824.0,19453.0,48806.0,826.0,82439.0,2299208.0,4456.0,181.0,89098.0,1272369.0,12066.0,271950.0,284.0,10375.0,1281.0,44.0,1699.0,818.0,0.0,1543.0,153307.0,9165.0,264803.0,6311.0,76956.0,12568.0,218444.0,40272.0,1097136.0,2671.0,6509.0,109462.0,17546.0,39940.0,0.0,0.0,182903.0,393.0,3773.0,1338.0,37322.0,23015.0,57274.0,6629.0,454.0,16098.0,1453.0,50710.0,14585.0,0.0,5949.0,13159.0,125304.0,4050.0,3574.0,13038.0,0.0,2207.0,12846.0,95157.0,0.0,12381.0,1247.0,24219.0,12658.0,13175.0,37532.0,18787.0,0.0,7065.0,495732.0,2396.0,233.0,398.0,27295.0,9464.0,126416.0,935.0,10679.0,2.0,18178.0,979.0,3043.0,60480.0,11245.0,568154.0,242397.0,7081.0,29224.0,851765.0,11437.0,213.0,570.0,325.0,0.0,2163.0,166.0,6484.0,1068.0,44494.0,1371.0,662.0,14680.0,200882.0,43150.0,4.0,516.0,490234.0,2484.0,1130561.0,23256.0,3434.0,0.0,1598.0,109925.0,317953.0,2108.0,428.0,0.0,3036.0,107563.0,14.0,3898.0,0.0,20538.0,9134.0,686962.0,0.0,6301378.0,13187.0,240604.0,19896.0,2725410.0,13688.0,5695.0,1.0,13339.0,493175.0,9695.0,0.0,122.0,44105.0,78633.0
2022-01,4842.0,48319.0,33685.0,12218.0,16523.0,0.0,2344.0,2724248.0,22865.0,2154890.0,564791.0,41523.0,8086.0,92513.0,213294.0,15865.0,43843.0,1049896.0,17647.0,1515.0,2231.0,255952.0,56154.0,33527.0,3171691.0,1006.0,204857.0,2992.0,4698.0,10066.0,13963.0,862.0,7351.0,849919.0,1756.0,1452.0,359490.0,6449.0,729821.0,1317.0,3616.0,10586.0,124309.0,9714.0,221922.0,78786.0,89919.0,640160.0,962129.0,0.0,1808.0,2218.0,136467.0,182620.0,40336.0,13164.0,2092.0,1525.0,96135.0,2258.0,44816.0,9523.0,219041.0,9188713.0,5127.0,1672.0,241182.0,2706351.0,13934.0,729870.0,6155.0,61931.0,4115.0,1102.0,20316.0,3308.0,2.0,12472.0,296990.0,40614.0,6607920.0,90650.0,178773.0,116842.0,394449.0,1516637.0,4857433.0,30592.0,1010419.0,161904.0,252775.0,26353.0,458.0,0.0,228789.0,44454.0,128582.0,13627.0,22793.0,116090.0,193278.0,3768.0,994.0,40932.0,2797.0,180731.0,54219.0,0.0,9040.0,9400.0,112672.0,43180.0,9044.0,15244.0,3.0,16770.0,37455.0,962867.0,0.0,64543.0,3198.0,149227.0,49741.0,169624.0,34747.0,7925.0,0.0,125482.0,1426012.0,2502.0,118.0,1247.0,11668.0,43852.0,386790.0,33391.0,134433.0,1623.0,201204.0,708.0,117561.0,942707.0,716223.0,777939.0,1299521.0,88619.0,407634.0,1349961.0,17105.0,2423.0,7372.0,2053.0,29.0,4682.0,1993.0,131028.0,9944.0,378459.0,12402.0,559.0,73406.0,198217.0,246773.0,1159.0,1856.0,146936.0,1552.0,3666508.0,23940.0,11114.0,0.0,21323.0,755672.0,887924.0,1124.0,1761.0,213.0,3924.0,217107.0,109.0,6328.0,0.0,19650.0,183107.0,2137332.0,0.0,20336435.0,21102.0,407980.0,83121.0,4420003.0,255042.0,24105.0,0.0,41339.0,544470.0,54968.0,248.0,893.0,50773.0,16408.0
2022-02,10733.0,13020.0,12819.0,2041.0,625.0,0.0,810.0,522000.0,52037.0,654631.0,835721.0,127200.0,573.0,140308.0,144744.0,10735.0,176783.0,402075.0,6207.0,117.0,7811.0,37690.0,23735.0,10914.0,3333041.0,47066.0,139314.0,127.0,52359.0,695.0,191.0,8921.0,2522.0,228746.0,306.0,100.0,895035.0,266224.0,177322.0,201.0,315.0,639.0,112063.0,765.0,117627.0,25072.0,65770.0,658384.0,1037899.0,0.0,83.0,2076.0,19311.0,95722.0,57860.0,21255.0,82.0,165.0,156887.0,793.0,3569.0,1075.0,147887.0,3611430.0,618.0,97.0,429549.0,4929574.0,2754.0,480941.0,1354.0,86701.0,231.0,415.0,3032.0,873.0,0.0,19338.0,234139.0,62171.0,1461546.0,1211078.0,678255.0,92211.0,117414.0,733934.0,1799720.0,3474.0,2269182.0,406399.0,65377.0,1565.0,2454.0,0.0,2409407.0,20310.0,74177.0,2211.0,8890.0,260356.0,147502.0,436.0,112.0,64780.0,3073.0,260715.0,25192.0,0.0,4340.0,864.0,571978.0,31312.0,329.0,3558.0,0.0,390.0,61709.0,566039.0,0.0,61102.0,1176.0,66309.0,10432.0,28259.0,1220.0,1326.0,0.0,23071.0,1826681.0,102200.0,277.0,102.0,1379.0,28361.0,461111.0,43364.0,79855.0,2148.0,58374.0,4424.0,57659.0,277722.0,101795.0,780900.0,692435.0,17835.0,516959.0,4491230.0,611.0,108.0,1752.0,406.0,1.0,1485.0,44.0,57763.0,694.0,233177.0,2146.0,42.0,371613.0,550059.0,181799.0,5866.0,925.0,68820.0,179.0,1016271.0,34849.0,3826.0,0.0,4447.0,370686.0,581412.0,3173.0,1699.0,80.0,390.0,451385.0,2747.0,307.0,354.0,16218.0,88417.0,2469574.0,0.0,3937844.0,1468.0,811164.0,34915.0,1590220.0,174037.0,13397.0,11.0,29150.0,1167758.0,121231.0,273.0,752.0,7703.0,6714.0
2022-03,4088.0,2114.0,735.0,2025.0,428.0,0.0,54.0,137255.0,2687.0,1338049.0,1170725.0,6262.0,148.0,39586.0,8000.0,4107.0,42971.0,293734.0,586.0,385.0,15399.0,8548.0,4238.0,41576.0,1155099.0,70870.0,47644.0,102.0,23696.0,382.0,66.0,5349.0,304.0,187510.0,424.0,55.0,409917.0,984926.0,20333.0,53.0,51.0,730.0,31609.0,258.0,44382.0,20423.0,108210.0,292291.0,294602.0,0.0,40.0,751.0,3464.0,32130.0,21493.0,4688.0,116.0,27.0,61874.0,611.0,1031.0,474.0,245919.0,2925247.0,41.0,49.0,42792.0,6359402.0,1297.0,608765.0,322.0,51883.0,62.0,148.0,332.0,213.0,0.0,9850.0,64327.0,51547.0,94730.0,448370.0,110791.0,16757.0,159003.0,283722.0,1859518.0,771.0,1552111.0,60777.0,3132.0,477.0,152.0,0.0,10102369.0,1223.0,9084.0,408.0,34155.0,145775.0,23447.0,298.0,16.0,7259.0,4377.0,144930.0,32654.0,0.0,350.0,301.0,759183.0,6808.0,103.0,8264.0,0.0,36.0,42699.0,150906.0,0.0,11642.0,1399.0,11031.0,2895.0,2299.0,209.0,421.0,0.0,1442.0,1500456.0,555883.0,311.0,47.0,855.0,8717.0,163800.0,6099.0,14752.0,243.0,9038.0,1913.0,6629.0,29865.0,16248.0,295877.0,357317.0,4433.0,120086.0,1421515.0,220.0,19.0,259.0,26.0,1680.0,976.0,11.0,5787.0,202.0,65592.0,1085.0,9.0,372004.0,323779.0,75489.0,4421.0,97.0,44911.0,289.0,530785.0,15597.0,497.0,0.0,1005.0,46710.0,695548.0,1120.0,2905.0,0.0,195.0,736420.0,137.0,141.0,6068.0,10093.0,37654.0,771104.0,0.0,1039589.0,598.0,131324.0,11327.0,2288693.0,45473.0,1344.0,3361.0,5249.0,6121124.0,9803.0,14.0,35.0,4100.0,9906.0
2022-04,1132.0,1430.0,109.0,1325.0,118.0,0.0,135.0,34319.0,348.0,1380076.0,332696.0,630.0,275.0,14237.0,1114.0,10808.0,17638.0,205400.0,217.0,0.0,31062.0,3031.0,1647.0,458.0,496566.0,7438.0,17806.0,12.0,1296.0,1489.0,70.0,626.0,236.0,275254.0,0.0,101.0,87695.0,630129.0,7751.0,19.0,8.0,275.0,13537.0,189.0,23283.0,12656.0,49494.0,99911.0,57882.0,0.0,24.0,174.0,1228.0,9806.0,10381.0,1037.0,-93.0,6.0,15889.0,872.0,810.0,230.0,139337.0,3032722.0,18.0,7.0,6834.0,3606260.0,202.0,293493.0,617.0,17672.0,90.0,53.0,220.0,140.0,0.0,2117.0,49146.0,4188.0,53413.0,33978.0,59433.0,5542.0,57687.0,157879.0,1820846.0,1221.0,1318130.0,3260.0,691.0,350.0,15.0,0.0,3899831.0,602.0,2431.0,57.0,30571.0,23118.0,4798.0,105.0,34.0,199.0,807.0,39190.0,22025.0,0.0,143.0,141.0,246085.0,2171.0,349.0,12202.0,10.0,19.0,10001.0,80145.0,4.0,3544.0,1012.0,1593.0,2126.0,1679.0,128.0,1003.0,3.0,384.0,193743.0,267031.0,126.0,140.0,301.0,3592.0,20053.0,783.0,2983.0,586.0,11884.0,614.0,1505.0,18128.0,7398.0,33583.0,288765.0,3187.0,40306.0,334080.0,84.0,13.0,441.0,84.0,7879.0,1092.0,12.0,3197.0,102.0,29786.0,2081.0,7.0,96822.0,85079.0,41949.0,3316.0,75.0,72172.0,199.0,387843.0,1731.0,162.0,0.0,115.0,13065.0,122099.0,118.0,92489.0,0.0,57.0,622602.0,35.0,46.0,3773.0,10007.0,4309.0,171533.0,0.0,1244856.0,179.0,35571.0,7271.0,904203.0,9932.0,847.0,3951.0,1952.0,1085200.0,1310.0,0.0,12.0,2744.0,1589.0
2022-05,1468.0,994.0,104.0,1545.0,474.0,0.0,627.0,158343.0,96.0,1359266.0,113409.0,205.0,1201.0,16959.0,816.0,10574.0,2522.0,96110.0,1868.0,0.0,465.0,3888.0,817.0,2142.0,570802.0,6824.0,8438.0,34.0,453.0,2036.0,302.0,11.0,167.0,118996.0,0.0,6.0,144310.0,81060.0,10788.0,15.0,0.0,1351.0,38964.0,285.0,14041.0,2378.0,9743.0,18170.0,20241.0,0.0,64.0,2151.0,4781.0,7586.0,0.0,666.0,14.0,25.0,4677.0,1867.0,2175.0,373.0,69180.0,875975.0,48.0,7.0,2056.0,1595227.0,197.0,129307.0,3121.0,14456.0,215.0,67.0,1290.0,189.0,0.0,2192.0,16760.0,2712.0,81644.0,8177.0,10381.0,3062.0,44520.0,62411.0,958210.0,7288.0,970306.0,1192.0,374.0,1203.0,17.0,1.0,843766.0,286.0,1816.0,1.0,2520.0,6601.0,2244.0,343.0,22.0,112.0,284.0,4921.0,10079.0,0.0,225.0,204.0,58506.0,582.0,264.0,3001.0,0.0,453.0,5518.0,36297.0,25.0,1807.0,446.0,4292.0,1995.0,3350.0,370.0,7714.0,0.0,330.0,41615.0,234763.0,113.0,90.0,312.0,2365.0,7628.0,347.0,2497.0,455.0,81848.0,664.0,1206.0,15707.0,4938.0,11070.0,655334.0,4186.0,15319.0,146689.0,251.0,167.0,2199.0,251.0,3907.0,687.0,34.0,14068.0,114.0,11101.0,1514.0,1.0,110044.0,14348.0,14972.0,3388.0,80.0,166652.0,156.0,430112.0,472.0,238.0,0.0,1211.0,7031.0,55388.0,79.0,1917100.0,0.0,1482.0,199508.0,50.0,110.0,1448.0,13717.0,2679.0,40654.0,3.0,2861103.0,282.0,10958.0,9634.0,273025.0,27910.0,432.0,1758.0,1329.0,69570.0,645.0,0.0,4.0,2185.0,4523.0
2022-06,2181.0,4750.0,203.0,880.0,1559.0,0.0,388.0,136599.0,280.0,852265.0,171614.0,409.0,1216.0,40191.0,20282.0,3767.0,0.0,93520.0,4601.0,264.0,101.0,17856.0,812.0,14643.0,1338980.0,15226.0,7072.0,145.0,260.0,624.0,4218.0,17.0,121.0,78174.0,0.0,8.0,287752.0,38034.0,71726.0,19.0,49.0,2708.0,13896.0,1248.0,12028.0,704.0,14754.0,16556.0,34870.0,0.0,15.0,668.0,21755.0,32600.0,0.0,6891.0,113.0,40.0,3244.0,599.0,15981.0,706.0,53417.0,1573447.0,289.0,0.0,3275.0,1874865.0,4763.0,223273.0,607.0,49712.0,53.0,79.0,2632.0,785.0,0.0,1984.0,10348.0,5696.0,308402.0,33487.0,6092.0,20508.0,38982.0,214518.0,1101701.0,5538.0,478847.0,2260.0,982.0,8718.0,138.0,0.0,249442.0,840.0,9779.0,60.0,303.0,7183.0,13000.0,580.0,41.0,122.0,434.0,6232.0,15452.0,0.0,1004.0,521.0,59545.0,1833.0,68.0,8390.0,1.0,673.0,5174.0,258625.0,8.0,1528.0,790.0,3513.0,2999.0,48606.0,2165.0,2816.0,3391.0,554.0,103119.0,175086.0,182.0,0.0,1262.0,2082.0,13629.0,771.0,6026.0,155.0,63096.0,236.0,4871.0,45842.0,13826.0,7408.0,488218.0,13847.0,10266.0,97358.0,964.0,336.0,1429.0,381.0,1407.0,892.0,52.0,27107.0,214.0,11949.0,653.0,13.0,140774.0,8552.0,13686.0,3370.0,238.0,35667.0,105.0,407774.0,289.0,269.0,0.0,317.0,11251.0,84744.0,35.0,1734300.0,0.0,414.0,72458.0,42.0,308.0,657.0,5513.0,9308.0,50584.0,0.0,3347871.0,3353.0,42797.0,37595.0,431907.0,31852.0,1736.0,2178.0,2368.0,27091.0,2148.0,0.0,2.0,4078.0,3188.0
2022-07,3221.0,31246.0,1367.0,1734.0,981.0,0.0,132.0,193135.0,2122.0,1271166.0,314276.0,5662.0,749.0,33791.0,31468.0,7665.0,11170.0,168177.0,3145.0,100.0,639.0,110782.0,6260.0,2701.0,1475882.0,41990.0,34449.0,84.0,496.0,2650.0,1617.0,510.0,147.0,130388.0,115.0,7.0,250853.0,126059.0,90617.0,176.0,647.0,1091.0,123441.0,1843.0,38211.0,2071.0,58194.0,68565.0,57900.0,0.0,0.0,0.0,22429.0,51463.0,0.0,21172.0,689.0,246.0,6285.0,171.0,3513.0,1836.0,25424.0,2711907.0,572.0,76.0,25789.0,2606448.0,1874.0,672921.0,429.0,131662.0,591.0,64.0,2412.0,728.0,0.0,12546.0,37356.0,8170.0,567041.0,118638.0,152900.0,96136.0,43552.0,229023.0,2516914.0,3568.0,3463080.0,10682.0,43876.0,3928.0,194.0,0.0,1451882.0,25031.0,10726.0,1632.0,947.0,25927.0,61672.0,102.0,41.0,1473.0,775.0,22276.0,18865.0,0.0,1110.0,904.0,113998.0,2716.0,63.0,9696.0,46.0,2758.0,13814.0,677245.0,4283.0,11866.0,1053.0,15104.0,19127.0,44069.0,1661.0,74.0,1013.0,6902.0,149590.0,276420.0,117.0,73.0,3687.0,12991.0,8526.0,5493.0,18112.0,88.0,27109.0,67.0,51577.0,283068.0,72220.0,54673.0,169376.0,26021.0,144186.0,169548.0,1218.0,397.0,944.0,303.0,499.0,1777.0,57.0,14486.0,1061.0,93622.0,760.0,39.0,269988.0,29931.0,44351.0,0.0,154.0,11680.0,11.0,492541.0,1616.0,382.0,0.0,102.0,20516.0,189529.0,348.0,820902.0,0.0,1742.0,69369.0,42.0,681.0,253.0,4413.0,76513.0,766164.0,5.0,3670010.0,1511.0,7623.0,45764.0,596988.0,12174.0,2329.0,458.0,9814.0,33162.0,22243.0,0.0,53.0,3626.0,792.0
2022-08,7501.0,17255.0,2850.0,519.0,335.0,0.0,201.0,117918.0,9033.0,606242.0,181967.0,14599.0,351.0,12050.0,6689.0,9034.0,0.0,68060.0,1191.0,174.0,708.0,64152.0,10874.0,394.0,595953.0,14355.0,36222.0,0.0,1129.0,3979.0,161.0,831.0,1437.0,102170.0,98.0,106.0,266876.0,237311.0,33797.0,140.0,62.0,461.0,60341.0,1432.0,26919.0,2445.0,13367.0,78744.0,43539.0,0.0,0.0,0.0,10287.0,34623.0,0.0,10967.0,233.0,109.0,11439.0,87.0,953.0,604.0,87764.0,748609.0,138.0,233.0,49464.0,1357848.0,573.0,413404.0,503.0,59578.0,62.0,79.0,1228.0,1146.0,0.0,13542.0,83066.0,2560.0,400064.0,151710.0,137935.0,13073.0,12790.0,51361.0,827732.0,3426.0,6171466.0,25616.0,38669.0,561.0,0.0,0.0,3507158.0,17246.0,3665.0,3031.0,2800.0,37409.0,35607.0,166.0,345.0,3179.0,483.0,34905.0,4575.0,0.0,135.0,450.0,102571.0,554.0,184.0,1222.0,14978.0,193.0,11602.0,302663.0,3006.0,42865.0,320.0,35270.0,16189.0,3457.0,496.0,0.0,203.0,10750.0,56485.0,121373.0,124.0,227.0,2549.0,13332.0,4331.0,2109.0,14485.0,40.0,29708.0,96.0,8053.0,194004.0,103602.0,107220.0,79528.0,20740.0,155707.0,913861.0,200.0,50.0,809.0,74.0,434.0,580.0,53.0,3789.0,712.0,160170.0,652.0,13.0,125188.0,-299.0,43648.0,0.0,63.0,6813.0,90.0,115951.0,4218.0,222.0,0.0,73.0,24708.0,95752.0,768.0,719844.0,0.0,1202.0,60639.0,171.0,407.0,2681.0,7636.0,15169.0,782353.0,12.0,3182830.0,166.0,34620.0,23834.0,222123.0,9357.0,708.0,91.0,6672.0,632047.0,20236.0,0.0,49.0,3339.0,348.0
2022-09,5938.0,2869.0,369.0,200.0,495.0,0.0,124.0,30195.0,8477.0,197572.0,175517.0,8003.0,215.0,8862.0,13251.0,1460.0,0.0,62190.0,552.0,148.0,893.0,6610.0,2900.0,444.0,242671.0,7511.0,16561.0,503.0,7581.0,906.0,54.0,257.0,0.0,84424.0,51.0,45.0,115885.0,259354.0,7777.0,16.0,0.0,259.0,29273.0,470.0,18721.0,647.0,11716.0,94310.0,26329.0,0.0,0.0,895.0,5856.0,7810.0,0.0,0.0,56.0,16.0,4155.0,23.0,389.0,89.0,34142.0,862452.0,42.0,197.0,45009.0,1167216.0,520.0,157365.0,247.0,22513.0,182.0,305.0,305.0,182.0,0.0,2948.0,45595.0,920.0,154773.0,72816.0,19687.0,2111.0,6697.0,29153.0,599521.0,2031.0,2327073.0,11502.0,5215.0,251.0,0.0,0.0,1468117.0,591.0,1125.0,367.0,1821.0,31121.0,6327.0,284.0,78.0,204.0,552.0,31831.0,4931.0,0.0,50.0,168.0,58255.0,186.0,1226.0,642.0,263.0,50.0,6196.0,74699.0,3487.0,14385.0,243.0,3904.0,4644.0,510.0,236.0,0.0,1.0,2396.0,44880.0,36567.0,139.0,74.0,1856.0,2620.0,2281.0,578.0,3522.0,112.0,8685.0,117.0,1381.0,40542.0,67811.0,116673.0,73400.0,21772.0,49208.0,1440301.0,61.0,32.0,633.0,20.0,86.0,420.0,77.0,3037.0,300.0,78543.0,1060.0,4.0,68663.0,44569.0,56677.0,0.0,194.0,7140.0,0.0,80454.0,816.0,57.0,0.0,67.0,24018.0,58948.0,259.0,1153371.0,0.0,728.0,29209.0,87.0,562.0,947.0,4035.0,1824.0,201945.0,0.0,1833325.0,0.0,148762.0,12104.0,155346.0,6262.0,417.0,135.0,2295.0,67677.0,436.0,0.0,9.0,709.0,739.0
2022-10,3875.0,745.0,165.0,308.0,0.0,0.0,8.0,10455.0,2367.0,139789.0,308040.0,1818.0,96.0,9628.0,10043.0,434.0,0.0,67734.0,89.0,144.0,411.0,1185.0,1213.0,36.0,156225.0,9900.0,19611.0,0.0,8914.0,277.0,23.0,114.0,1977.0,89529.0,347.0,44.0,135879.0,194849.0,2344.0,291.0,0.0,193.0,15107.0,566.0,14568.0,99.0,11124.0,70267.0,35060.0,0.0,0.0,13.0,2916.0,4257.0,0.0,0.0,159.0,19.0,4640.0,168.0,381.0,22.0,55797.0,1425234.0,254.0,72.0,0.0,2258758.0,1607.0,215008.0,55.0,16032.0,395.0,52.0,97.0,78.0,0.0,597.0,47371.0,719.0,63526.0,61455.0,9002.0,1502.0,8666.0,21881.0,1063745.0,102.0,1030671.0,0.0,1323.0,713.0,0.0,0.0,819653.0,94.0,3553.0,369.0,383.0,21845.0,2974.0,0.0,35.0,57.0,913.0,17888.0,10463.0,0.0,73.0,45.0,62085.0,322.0,95.0,657.0,84.0,549.0,2653.0,21784.0,11389.0,3809.0,341.0,1959.0,2582.0,656.0,163.0,655.0,0.0,814.0,81589.0,72218.0,96.0,20.0,756.0,1185.0,2538.0,351.0,1496.0,53.0,3547.0,468.0,1412.0,12508.0,56425.0,46877.0,27191.0,18099.0,18173.0,439710.0,84.0,4.0,231.0,9.0,21.0,811.0,36.0,5961.0,281.0,42374.0,1894.0,3.0,194465.0,17865.0,50090.0,0.0,23.0,9231.0,0.0,88784.0,314.0,196.0,0.0,79.0,23139.0,128063.0,58.0,1251326.0,0.0,480.0,10316.0,44.0,246.0,0.0,1532.0,466.0,45845.0,3.0,1130186.0,77.0,123077.0,10134.0,229561.0,5138.0,430.0,31.0,1096.0,23529.0,268.0,0.0,4.0,150.0,428.0
2022-11,2844.0,377.0,252.0,684.0,1545.0,0.0,0.0,8372.0,495.0,280456.0,122066.0,1079.0,97.0,6145.0,1345.0,1402.0,0.0,27172.0,105.0,198.0,123.0,1639.0,585.0,289.0,398850.0,20265.0,8174.0,0.0,1529.0,548.0,640.0,108.0,364.0,63581.0,51.0,19.0,159824.0,766961.0,2941.0,203.0,538.0,1118.0,13039.0,111.0,6814.0,107.0,15119.0,45115.0,19106.0,0.0,0.0,0.0,3109.0,3097.0,0.0,0.0,12.0,0.0,2664.0,212.0,618.0,111.0,45517.0,1012929.0,28.0,6.0,25007.0,892354.0,302.0,269490.0,40.0,15969.0,106.0,0.0,183.0,35.0,0.0,1035.0,24839.0,745.0,19225.0,171765.0,2056.0,2240.0,8229.0,37959.0,729637.0,586.0,2490716.0,0.0,703.0,2489.0,0.0,0.0,1540146.0,48.0,599.0,78.0,501.0,11352.0,1781.0,0.0,26.0,33.0,309.0,8030.0,4622.0,0.0,510.0,13.0,89204.0,254.0,27.0,469.0,152.0,56.0,11155.0,14183.0,0.0,1827.0,479.0,7944.0,955.0,3222.0,149.0,38.0,10.0,333.0,31127.0,93479.0,84.0,9.0,145.0,564.0,4115.0,344.0,1131.0,272.0,11748.0,681.0,209.0,95459.0,31812.0,12320.0,21534.0,9581.0,10099.0,159818.0,178.0,8.0,72.0,17.0,21.0,563.0,12.0,3138.0,194.0,19273.0,1033.0,5.0,65525.0,7048.0,24964.0,3031.0,49.0,13582.0,527.0,83736.0,595.0,156.0,0.0,396.0,15106.0,105961.0,39.0,600640.0,0.0,736.0,14796.0,42.0,29.0,0.0,664.0,920.0,0.0,2782.0,1321555.0,260.0,41543.0,6707.0,102140.0,3315.0,1872.0,0.0,1497.0,13023.0,0.0,0.0,6.0,65.0,1271.0
2022-12,1652.0,463.0,138.0,532.0,419.0,0.0,0.0,163892.0,239.0,471809.0,143460.0,2064.0,8.0,2405.0,540.0,1099.0,0.0,28837.0,898.0,2.0,21.0,49932.0,444.0,1227.0,1103682.0,8898.0,4848.0,375.0,438.0,704.0,163.0,485.0,0.0,72716.0,40.0,4.0,117517.0,864953.0,24003.0,17.0,0.0,969.0,15552.0,56.0,10140.0,601.0,16874.0,21673.0,32136.0,0.0,0.0,0.0,5159.0,29331.0,0.0,0.0,3.0,0.0,2594.0,251.0,3423.0,327.0,43951.0,1451740.0,7.0,0.0,3122.0,906381.0,39.0,143797.0,13.0,47664.0,57.0,99.0,543.0,47.0,0.0,7892.0,19464.0,873.0,6010.0,54971.0,1434.0,1383.0,7120.0,41266.0,883045.0,241.0,4419369.0,0.0,2671.0,863.0,0.0,0.0,1960987.0,74.0,75.0,27.0,1053.0,10379.0,1955.0,0.0,21.0,58.0,341.0,12298.0,4903.0,0.0,476.0,134.0,34509.0,60.0,10.0,566.0,6.0,5.0,13524.0,109291.0,0.0,1477.0,506.0,14499.0,1037.0,2772.0,346.0,349.0,0.0,111.0,27536.0,149602.0,115.0,39.0,98.0,893.0,6016.0,35.0,547.0,186.0,21617.0,517.0,74051.0,206260.0,28166.0,15724.0,11793.0,10580.0,11646.0,206039.0,158.0,6.0,30.0,64.0,15.0,841.0,1.0,1407.0,27.0,22868.0,287.0,1.0,34317.0,7062.0,48996.0,0.0,14.0,7312.0,18.0,88754.0,209.0,49.0,0.0,0.0,48176.0,61533.0,24.0,533994.0,0.0,1695.0,14564.0,43.0,15.0,29.0,656.0,499.0,0.0,0.0,1952012.0,252.0,20087.0,2665.0,140626.0,18113.0,2697.0,32.0,3126.0,9323.0,192.0,0.0,0.0,679.0,817.0
2023-01,986.0,361.0,150.0,88.0,89.0,0.0,0.0,145996.0,32.0,163739.0,75136.0,1543.0,0.0,1715.0,431.0,642.0,0.0,23251.0,714.0,7.0,81.0,26968.0,392.0,1367.0,493299.0,9248.0,3322.0,19.0,137.0,1633.0,29.0,109.0,0.0,58972.0,17.0,2.0,81454.0,319292.0,16263.0,10.0,0.0,341.0,24489.0,41.0,3679.0,445.0,11552.0,9608.0,13944.0,0.0,0.0,0.0,4555.0,10776.0,0.0,0.0,4.0,0.0,2012.0,112.0,1530.0,118.0,20414.0,230973.0,1.0,0.0,5360.0,409967.0,64.0,0.0,36.0,23721.0,30.0,0.0,787.0,183.0,0.0,4842.0,6011.0,714.0,4247.0,10201.0,3210.0,438.0,12585.0,22504.0,310084.0,649.0,3320370.0,0.0,8243.0,311.0,1578.0,0.0,1080266.0,264.0,111.0,35.0,176.0,1452.0,6124.0,300.0,19.0,20.0,73.0,8119.0,2985.0,0.0,92.0,339.0,9916.0,37.0,13.0,678.0,37.0,240.0,4622.0,133785.0,473.0,2123.0,115.0,605.0,1599.0,645.0,1024.0,446.0,0.0,100.0,13596.0,88851.0,204.0,35.0,82.0,825.0,2779.0,295.0,540.0,15.0,5923.0,87.0,14041.0,22603.0,8760.0,10912.0,9849.0,3054.0,16526.0,150437.0,170.0,30.0,62.0,47.0,105.0,419.0,1.0,958.0,2.0,24945.0,310.0,0.0,14896.0,3397.0,14137.0,0.0,18.0,6764.0,0.0,47220.0,98.0,56.0,0.0,439.0,18596.0,8399.0,30.0,690463.0,0.0,313.0,5176.0,29.0,11.0,523.0,1875.0,2785.0,123084.0,0.0,1597537.0,415.0,16639.0,2401.0,141610.0,20722.0,1350.0,1.0,1065.0,1266.0,0.0,0.0,0.0,6338.0,1625.0
2023-02,777.0,224.0,63.0,27.0,71.0,0.0,0.0,6990.0,811.0,70915.0,131065.0,604.0,0.0,7028.0,217.0,488.0,0.0,26156.0,97.0,1.0,10.0,5023.0,191.0,500.0,228356.0,1925.0,1427.0,31.0,98.0,254.0,15.0,24.0,399.0,38692.0,0.0,26.0,47347.0,27.0,4250.0,6.0,-298.0,132.0,12879.0,215.0,1412.0,160.0,6430.0,20337.0,3580.0,0.0,0.0,0.0,438.0,5339.0,53.0,0.0,39.0,0.0,1216.0,66.0,455.0,69.0,3550.0,98014.0,0.0,0.0,11418.0,389075.0,60.0,0.0,0.0,8553.0,27.0,6.0,119.0,67.0,0.0,1359.0,3142.0,405.0,3717.0,6030.0,3556.0,0.0,2991.0,13094.0,123063.0,658.0,672183.0,0.0,2119.0,102.0,5.0,0.0,328946.0,512.0,598.0,41.0,42.0,717.0,3201.0,0.0,15.0,12.0,72.0,8257.0,1214.0,0.0,38.0,122.0,6198.0,17.0,235.0,415.0,14.0,2.0,838.0,83177.0,995.0,5077.0,43.0,25.0,1925.0,214.0,1104.0,415.0,626.0,45.0,13849.0,34565.0,58.0,0.0,130.0,424.0,1176.0,0.0,686.0,2.0,1572.0,42.0,2071.0,4788.0,3104.0,40089.0,2801.0,1574.0,15336.0,319767.0,90.0,4.0,79.0,4.0,520.0,109.0,1.0,1516.0,15.0,21365.0,0.0,0.0,9287.0,4614.0,6643.0,0.0,6.0,7607.0,0.0,31858.0,41.0,45.0,0.0,207.0,4369.0,4524.0,14.0,433114.0,0.0,159.0,1051.0,3.0,23.0,67.0,1388.0,606.0,0.0,0.0,1080585.0,104.0,14475.0,2589.0,96075.0,1593.0,365.0,0.0,394.0,420.0,0.0,0.0,0.0,2249.0,2315.0
2023-03,129.0,66.0,55.0,24.0,33.0,0.0,0.0,832.0,489.0,33099.0,49849.0,277.0,0.0,3213.0,98.0,153.0,0.0,21710.0,0.0,9.0,12.0,1268.0,154.0,31.0,23117.0,1669.0,670.0,0.0,32.0,22.0,0.0,2.0,0.0,14289.0,0.0,1.0,25958.0,0.0,1920.0,10.0,10.0,103.0,10670.0,66.0,334.0,45.0,1592.0,8436.0,1047.0,0.0,0.0,0.0,257.0,543.0,61.0,0.0,0.0,0.0,314.0,68.0,130.0,9.0,1475.0,39543.0,0.0,12.0,1939.0,80152.0,57.0,0.0,0.0,1841.0,0.0,7.0,6.0,59.0,0.0,134.0,1835.0,44.0,2901.0,2179.0,4405.0,0.0,1258.0,4550.0,26658.0,351.0,93208.0,0.0,0.0,25.0,1.0,0.0,89510.0,253.0,404.0,75.0,8.0,256.0,988.0,0.0,13.0,13.0,11.0,2698.0,1422.0,0.0,24.0,26.0,1927.0,6.0,44.0,133.0,51.0,1.0,602.0,32015.0,277.0,7390.0,15.0,4.0,528.0,36.0,116.0,0.0,0.0,9.0,3853.0,11454.0,28.0,0.0,5.0,0.0,474.0,0.0,413.0,3.0,458.0,33.0,74.0,1519.0,1145.0,25480.0,3765.0,1034.0,5704.0,115139.0,14.0,1.0,122.0,0.0,0.0,80.0,0.0,649.0,9.0,7579.0,0.0,0.0,8897.0,2248.0,3485.0,0.0,0.0,3494.0,0.0,7093.0,9.0,42.0,0.0,240.0,1512.0,1472.0,0.0,0.0,0.0,83.0,147.0,1.0,19.0,9.0,622.0,164.0,0.0,0.0,359247.0,40.0,18083.0,1215.0,55332.0,0.0,315.0,0.0,181.0,77.0,0.0,0.0,0.0,123.0,355.0
